<?xml version="1.0" encoding="UTF-8" standalone="yes"?>
<deployment-descriptor xsi:schemaLocation="http://www.jboss.org/jbpm deployment-descriptor.xsd" xmlns:xsi="http://www.w3.org/2001/XMLSchema-instance">
    <persistence-unit>org.jbpm.domain</persistence-unit>
    <audit-persistence-unit>org.jbpm.domain</audit-persistence-unit>
    <audit-mode>JPA</audit-mode>
    <persistence-mode>JPA</persistence-mode>
    <runtime-strategy>SINGLETON</runtime-strategy>
    <marshalling-strategies/>
    <event-listeners/>
    <task-event-listeners/>
    <globals/>
    <work-item-handlers>
        <work-item-handler>
            <resolver>mvel</resolver>
            <identifier>new org.jbpm.process.workitem.webservice.WebServiceWorkItemHandler()</identifier>
            <parameters/>
            <name>WebService</name>
        </work-item-handler>
        <work-item-handler>
            <resolver>mvel</resolver>
            <identifier>new org.jbpm.process.workitem.rest.RESTWorkItemHandler()</identifier>
            <parameters/>
            <name>Rest</name>
        </work-item-handler>
        <work-item-handler>
            <resolver>mvel</resolver>
            <identifier>new org.jbpm.process.workitem.executesql.ExecuteSqlWorkItemHandler("java:jboss/kie/datasources/f8425ab7-49c8-4db7-96af-f0c52db95466_c99d3f37-ee6e-452d-9501-20eaf4c8fff4")</identifier>
            <parameters/>
            <name>ExecuteSQL</name>
        </work-item-handler>
    </work-item-handlers>
    <environment-entries/>
    <configurations/>
    <required-roles/>
    <remoteable-classes/>
    <limit-serialization-classes>true</limit-serialization-classes>
</deployment-descriptor>
